Entity,Year,Coal production,Gas production,Hydropower production,Nuclear production,Oil production,Other Renewables
Africa,1900,0.5743836,-,-,-,-,-
Africa,1901,0.9638748,-,-,-,-,-
Africa,1902,1.4368284,-,-,-,-,-
Africa,1903,1.9497352,-,-,-,-,-
Africa,1904,2.2008672,-,-,-,-,-
Africa,1905,2.5347532,-,-,-,-,-
Africa,1906,2.8943684,-,-,-,-,-
Africa,1907,3.1940664,-,-,-,-,-
Africa,1908,3.3129656,-,-,-,-,-
Africa,1909,3.8022908,-,-,-,-,-
Africa,1910,4.3022896,-,-,-,-,-
Africa,1911,4.166218,-,-,-,0.003,-
Africa,1912,4.4163868,-,-,-,0.028,-
Africa,1913,4.8360088,-,-,-,0.013,-
Africa,1914,4.7607476,-,-,-,0.1,-
Africa,1915,4.8308092,-,-,-,0.03,-
Africa,1916,5.7125117,-,-,-,0.059,-
Africa,1917,6.1748603,-,-,-,0.138,-
Africa,1918,5.9139437,-,-,-,0.283,-
Africa,1919,6.1338907,-,-,-,0.225,-
Africa,1920,6.8403643,-,-,-,0.149,-
Africa,1921,6.7995725,-,-,-,0.183,-
Africa,1922,5.8094512,-,-,-,0.174,-
Africa,1923,7.0846083,-,-,-,0.154,-
Africa,1924,7.471072,-,-,-,0.165,-
Africa,1925,7.8461516,-,-,-,0.182,-
Africa,1926,8.42212,-,-,-,0.174,-
Africa,1927,8.269268,-,-,-,0.186,-
Africa,1928,8.4131376,-,-,-,0.269,-
Africa,1929,8.6008328,-,0.002579536,-,0.275,-
Africa,1930,8.0959508,-,0.002837489,-,0.287,-
Africa,1931,7.0297276,-,0.003353396,-,0.29,-
Africa,1932,6.2892116,-,0.004643164,-,0.272,-
Africa,1933,6.768314,-,0.008426483,-,0.24,-
Africa,1934,7.7704424,-,0.014789338,-,0.222,-
Africa,1935,8.6192904,-,0.014101462,-,0.182,-
Africa,1936,9.3654232,-,0.0144454,-,0.183,-
Africa,1937,10.0810836,-,0.019948409,-,0.174,-
Africa,1938,10.5708064,-,0.021152193,-,0.229,-
Africa,1939,10.914883,-,0.024763543,-,0.671,-
Africa,1940,11.4400888,-,0.029062769,-,0.934,-
Africa,1941,12.2941714,-,0.031298366,-,1.227,-
Africa,1942,13.5068458,-,0.032072227,-,1.187,-
Africa,1943,13.7462255,-,0.023559759,-,1.29,-
Africa,1944,15.2670217,-,0.029750645,-,1.358,-
Africa,1945,15.4872634,-,0.039122958,-,1.353,-
Africa,1946,15.6548217,0.07245,0.002579536,-,1.285,-
Africa,1947,15.5229228,0.07245,0.00266552,-,1.337,-
Africa,1948,16.0126449,0.07455,-,-,1.894,-
Africa,1949,17.0637481,0.0756,0.002837489,-,2.306,-
Africa,1950,17.8503003,0.079785533,0.065950129,-,2.649,-
Africa,1951,18.0987632,0.086071067,0.073602752,-,2.415,-
Africa,1952,19.171474,0.0881566,0.062338779,-,2.499,-
Africa,1953,19.7659364,0.095448733,0.10533104,-,2.539,-
Africa,1954,20.2845944,0.1058764,0.126397248,-,2.161,-
Africa,1955,22.4594356,0.104840867,0.144368014,-,1.978,-
Africa,1956,23.5168192,0.116361933,0.16844368,-,1.868,-
Africa,1957,24.4522124,0.1153698,0.238693035,-,2.677,-
Africa,1958,25.469766,0.122748733,0.255374033,-,4.499,-
Africa,1959,25.0670588,0.141533,0.282459157,-,5.819,-
Africa,1960,23.4613708,0.152033,0.340068788,-,13.799,-
Africa,1961,26.118974,0.244433,0.435339639,-,23.647,-
Africa,1962,26.90499,0.3903396,0.524505589,-,38.845,-
Africa,1963,27.5162384,0.523538867,0.542046432,-,57.216,-
Africa,1964,29.1936932,0.973641667,0.614359415,-,82.352,-
Africa,1965,31.656016,2.687684067,0.66044712,-,106.97,-
Africa,1966,31.332315,3.288133333,0.765348237,-,136.376,-
Africa,1967,31.7910299,2.751626733,0.709372313,-,152.17,-
Africa,1968,33.2880653,3.851925467,0.730524506,-,194.779,-
Africa,1969,33.7591289,3.231280267,0.790455718,-,247.311,-
Africa,1970,35.2435475,3.441770733,1.100343938,-,297.828,-
Africa,1971,37.7246352,4.1613628,1.189853826,-,283.237,-
Africa,1972,37.51902,7.1927996,1.215305245,-,283.838,-
Africa,1973,39.9129003,10.29350047,1.297506449,-,293.322,-
Africa,1974,42.0440657,10.95441713,1.30171969,-,269.55,-
Africa,1975,44.3057909,15.61497747,1.354514187,-,249.598,-
Africa,1976,48.5886667,16.79610893,1.420636285,-,289.741,-
Africa,1977,53.5020759,15.85776313,1.445141874,-,306.064,-
Africa,1978,56.4816553,22.14381027,1.407566638,-,298.5,-
Africa,1979,64.12028,36.95443033,1.468357696,-,329.35,-
Africa,1980,65.54068425,19.54096805,5.168529665,-,315.7756944,0.029018048
Africa,1981,73.32508776,30.00602832,4.521582115,-,247.7944444,0.032689587
Africa,1982,75.8294693,35.94906505,4.451762683,-,247.4902778,0.040753214
Africa,1983,78.59223149,48.95404666,4.289337919,-,249.4805417,0.057595861
Africa,1984,87.65113881,52.1979419,3.860361135,1.022694703,271.1645833,0.055678406
Africa,1985,93.33673485,53.6208624,4.004299226,1.384871935,283.8316549,0.064595001
Africa,1986,95.60204378,54.06321816,4.238349097,2.293702285,280.210939,0.067836618
Africa,1987,95.89562575,60.67272456,4.161650903,1.606868339,278.9139886,0.068756652
Africa,1988,98.45982606,64.69506711,4.395098882,2.734047265,296.1038805,0.065119507
Africa,1989,95.3232863,68.9445099,4.496646604,2.891946116,317.0352187,0.065605319
Africa,1990,94.94268224,70.92538467,4.721120378,2.201464342,340.5834472,0.11665863
Africa,1991,96.69572514,77.38188645,4.878761823,2.382552959,352.681653,0.115110908
Africa,1992,99.10168337,79.80756637,4.802579536,2.420073478,358.5062642,0.113563187
Africa,1993,99.70276919,80.43366096,4.722018057,1.890356705,356.7570762,0.096840926
Africa,1994,105.3126267,77.90962082,4.801805675,2.526642174,356.8328938,0.088586411
Africa,1995,110.4908396,86.21900255,5.083490972,2.944579067,370.9525554,0.099858982
Africa,1996,110.1672059,89.60373372,5.332820292,3.068084108,381.2606324,0.11387446
Africa,1997,122.8217468,97.88217147,5.481745486,3.295291696,395.9206967,0.122049867
Africa,1998,124.0101062,103.0625006,5.247867584,3.543865135,394.3276922,0.142428198
Africa,1999,122.491763,111.9672113,6.198770421,3.344797936,388.466978,0.160822009
Africa,2000,124.9845426,123.2736778,6.408684437,3.389874671,395.554296,0.21825967
Africa,2001,125.8114976,127.9742413,6.985898538,2.792933636,396.2901527,0.245869301
Africa,2002,123.3572783,129.3664959,7.170679278,3.124104328,400.2332797,0.23520722
Africa,2003,131.7274153,140.6760505,7.025881341,3.299460643,422.4779796,0.283616506
Africa,2004,133.560046,145.5603678,7.44027859,3.720784804,455.0625627,0.329644021
Africa,2005,134.8411521,167.1199077,7.60777902,3.188723,493.8287692,0.329987959
Africa,2006,134.5519127,176.8936045,7.892974205,2.624872977,497.7482507,0.399203779
Africa,2007,135.9333027,181.8223562,8.075177988,3.283272102,508.1476593,0.37726225
Africa,2008,137.9383647,198.4796816,8.208561479,3.321543031,513.2071935,0.416815517
Africa,2009,136.4842298,190.9013986,8.489593293,3.015651789,505.6954099,0.471711862
Africa,2010,139.5367643,197.9349461,9.41255374,3.36119753,516.4966825,0.576697738
Africa,2011,138.9821772,191.3961969,9.461306965,3.371255113,447.0781573,0.607103244
Africa,2012,144.2203093,209.0171478,9.714359415,3.230412465,497.3624376,0.579351739
Africa,2013,143.7673085,196.3227648,9.910252023,3.547434795,459.0319565,0.677167492
Africa,2014,146.0204873,198.2232544,10.38790348,3.842726491,428.55942,0.735461229
Asia and Oceania,1900,12.95792995,-,-,-,0.569,-
Asia and Oceania,1901,14.63192885,-,-,-,0.89,-
Asia and Oceania,1902,15.60471395,-,-,-,0.709,-
Asia and Oceania,1903,16.58362335,-,-,-,1.257,-
Asia and Oceania,1904,17.4656216,-,-,-,1.534,-
Asia and Oceania,1905,18.63094065,-,-,-,1.81,-
Asia and Oceania,1906,25.0254984,-,-,-,1.894,-
Asia and Oceania,1907,26.9978324,-,-,-,2.225,-
Asia and Oceania,1908,30.4956841,-,-,-,2.369,-
Asia and Oceania,1909,28.6906186,-,-,-,2.682,-
Asia and Oceania,1910,29.88623085,-,-,-,2.598,-
Asia and Oceania,1911,34.29480635,-,-,-,2.811,-
Asia and Oceania,1912,32.7252282,-,-,-,2.708,-
Asia and Oceania,1913,35.2126866,-,-,-,2.876,-
Asia and Oceania,1914,37.56314695,-,0.10816853,-,2.973,-
Asia and Oceania,1915,36.45236245,-,0.137575236,-,3.16,-
Asia and Oceania,1916,37.98585245,-,0.160189166,-,3.37,-
Asia and Oceania,1917,41.4605044,-,0.189853826,-,3.349,-
Asia and Oceania,1918,44.8962822,-,0.224935512,-,3.248,-
Asia and Oceania,1919,48.9695003,-,0.246603611,-,3.725,-
Asia and Oceania,1920,46.4470412,-,0.272226999,-,3.995,-
Asia and Oceania,1921,45.6556765,-,0.308598452,-,4.128,-
Asia and Oceania,1922,46.6493398,0.141993133,0.346173689,-,4.315,-
Asia and Oceania,1923,49.8039472,0.184126444,0.376096303,-,4.871,-
Asia and Oceania,1924,53.3753675,0.226259756,0.514531384,-,5.002,-
Asia and Oceania,1925,54.10425405,0.268393067,0.593809114,-,5.146,-
Asia and Oceania,1926,53.1705622,0.310526378,0.779965606,-,5.082,-
Asia and Oceania,1927,56.82127535,0.352659689,0.896474635,-,5.775,-
Asia and Oceania,1928,56.88678695,0.394793,1.057953568,-,6.524,-
Asia and Oceania,1929,57.5263871,0.529153126,1.190971625,-,7.482,-
Asia and Oceania,1930,55.8592426,0.520609652,1.244883921,-,7.282,-
Asia and Oceania,1931,51.6486432,0.583517978,1.290627687,-,6.663,-
Asia and Oceania,1932,50.128491,0.646426304,1.368185727,-,7.096,-
Asia and Oceania,1933,54.2176957,0.70933463,1.547119518,-,7.637,-
Asia and Oceania,1934,60.35689695,0.772242956,1.545227859,-,8.325,-
Asia and Oceania,1935,65.3950647,0.835151281,1.754084265,-,8.511,-
Asia and Oceania,1936,70.8974063,0.898059607,1.86311264,-,8.92,-
Asia and Oceania,1937,74.4496942,1.072385067,2.166122098,-,9.938,-
Asia and Oceania,1938,77.9069151,0.045297778,2.193035254,-,10.277,-
Asia and Oceania,1939,84.52414005,0.044003556,2.146431642,-,10.973,-
Asia and Oceania,1940,94.42308785,0.042709333,2.251676698,-,11.25,-
Asia and Oceania,1941,101.7740259,0.041415111,2.669647463,-,9.965,-
Asia and Oceania,1942,99.70808785,0.040120889,2.462768702,-,5.253,-
Asia and Oceania,1943,94.3745446,0.038826667,2.709802236,-,7.871,-
Asia and Oceania,1944,92.7265136,0.037532444,2.826913156,-,4.577,-
Asia and Oceania,1945,60.41640115,0.036238222,1.973774721,-,2.087,-
Asia and Oceania,1946,50.56810395,0.104868089,2.899716251,-,1.151,-
Asia and Oceania,1947,57.1836153,0.113824122,3.030008598,-,3.409,-
Asia and Oceania,1948,60.2168448,0.490600133,3.564058469,-,7.682,-
Asia and Oceania,1949,73.1953075,0.687974,3.82072227,-,10.341,-
Asia and Oceania,1950,81.11900545,0.736966067,4.094067068,-,12.254,-
Asia and Oceania,1951,90.849199,0.971872378,4.279621668,-,14.592,-
Asia and Oceania,1952,100.8795046,1.270622578,4.542734308,-,15.258,-
Asia and Oceania,1953,104.0564224,1.611623611,4.879535684,-,16.996,-
Asia and Oceania,1954,110.5523426,1.882465511,5.358125537,-,18.036,-
Asia and Oceania,1955,119.4480224,2.395937444,5.801375752,-,19.669,-
Asia and Oceania,1956,130.0388194,2.839388689,6.588650043,-,21.216,-
Asia and Oceania,1957,147.286054,3.222365689,7.23688736,-,24.334,-
Asia and Oceania,1958,218.8407246,3.3906131,7.947119518,-,25.525,-
Asia and Oceania,1959,256.4871453,3.956230522,8.52338779,-,29.336,0.000515907
Asia and Oceania,1960,305.3472167,4.903764756,8.82966466,-,32.876,0.014531384
Asia and Oceania,1961,226.8575603,5.586171578,10.03602752,-,33.833,0.033018057
Asia and Oceania,1962,232.7311662,6.380868511,9.927085125,-,36.284,0.042218401
Asia and Oceania,1963,236.2471041,7.327534978,11.19982803,0.000781677,36.867,0.065434222
Asia and Oceania,1964,256.5704197,7.925057078,11.83267412,0.000521118,39.236,0.086328461
Asia and Oceania,1965,268.0853609,8.905982867,13.28710232,0.00938013,43.931,0.10266552
Asia and Oceania,1966,286.6983949,9.388189844,14.17790198,0.152166549,48.073,0.107910576
Asia and Oceania,1967,236.662831,10.04171677,13.26792777,0.163891712,49.914,0.120292347
Asia and Oceania,1968,277.7856379,13.8183108,14.15305245,0.272023763,60.616,0.107480653
Asia and Oceania,1969,295.4403484,14.02126818,14.65348237,0.630813726,68.612,0.122871883
Asia and Oceania,1970,311.7483096,16.74156587,15.43327601,1.823393001,91.551,0.127773001
Asia and Oceania,1971,320.6333729,19.34051039,16.94918315,2.409390552,115.379,0.122184007
Asia and Oceania,1972,332.260026,22.79753918,17.48245916,2.812215013,135.749,0.122269991
Asia and Oceania,1973,348.7357178,28.96003437,16.88349097,3.296855051,161.559,0.124161651
Asia and Oceania,1974,355.5028411,38.67207058,18.86319862,5.825842257,174.673,0.126741187
Asia and Oceania,1975,386.5140927,42.43826347,20.13705933,7.388676099,183.702,0.139896819
Asia and Oceania,1976,398.9108533,49.54837557,21.38632846,9.885875088,210.073,0.141014617
Asia and Oceania,1977,426.2455544,55.51909899,19.99750645,8.969227963,229.928,0.15588994
Asia and Oceania,1978,461.9098971,63.56987863,21.13671539,16.82586831,240.998,0.166466036
Asia and Oceania,1979,472.5351526,69.85886071,22.68245916,19.94007139,245.282,0.224075666
Asia and Oceania,1980,428.1423859,67.97613054,22.58839209,24.16086923,258.173625,0.421616509
Asia and Oceania,1981,445.2468365,72.25918683,24.03594153,25.79405404,257.9380986,0.453817713
Asia and Oceania,1982,470.7274958,73.56598142,24.05571797,29.50545871,250.2888646,1.301840069
Asia and Oceania,1983,502.8702595,81.63962615,25.63645744,35.31566742,265.658609,1.447050731
Asia and Oceania,1984,554.5863158,95.52128101,25.69019776,43.21946898,287.683805,1.586096303
Asia and Oceania,1985,580.1774732,106.3077905,27.18323302,51.65481122,304.1604683,1.679922614
Asia and Oceania,1986,602.6943338,114.3549517,28.26758383,56.39307955,312.5882012,1.770206363
Asia and Oceania,1987,628.5735581,121.1292123,27.67420464,68.44915188,313.5968609,1.860963027
Asia and Oceania,1988,655.3745821,130.427046,31.09974205,64.21793168,319.6206344,2.050128977
Asia and Oceania,1989,692.7554958,135.6436367,32.91083405,65.26433727,330.7407882,2.23688736
Asia and Oceania,1990,711.9429367,151.5207821,34.58804815,72.93806509,341.5008944,1.962596733
Asia and Oceania,1991,734.5511082,162.4854433,35.1760963,76.96292243,351.6032631,2.065520206
Asia and Oceania,1992,757.4059445,171.1425576,34.43121238,79.55001433,350.5033665,2.08877902
Asia and Oceania,1993,779.4496862,181.3953665,37.35726569,86.96503817,355.6203451,2.079372313
Asia and Oceania,1994,820.1989947,196.0876027,38.21045056,94.75077516,364.8747974,2.324428203
Asia and Oceania,1995,879.3959445,206.967212,40.91310404,102.5653378,380.2773776,2.825202064
Asia and Oceania,1996,896.367689,223.4961943,40.1239785,108.1390865,392.4212714,2.975674979
Asia and Oceania,1997,987.7240066,231.7550412,41.46224162,113.7250502,402.8770451,3.238963027
Asia and Oceania,1998,1007.451707,232.3105505,43.64375924,120.0706115,407.685731,3.440382631
Asia and Oceania,1999,988.3475913,247.6642878,43.91073517,120.1730113,409.2804764,3.881478934
Asia and Oceania,2000,1031.041083,251.6369585,44.41951849,124.2350113,421.5982769,4.326089381
Asia and Oceania,2001,1113.833496,251.6843781,49.16457438,125.4065974,420.2547798,4.573519496
Asia and Oceania,2002,1208.893379,269.6293073,49.22235598,124.0840043,421.8293087,5.015318769
Asia and Oceania,2003,1338.678663,285.1646893,51.58314703,116.8375935,418.237729,5.610451608
Asia and Oceania,2004,1458.554845,294.7180524,58.36406105,129.0700644,425.5777127,6.063944383
Asia and Oceania,2005,1712.299185,318.5314852,63.10980224,136.7844134,429.8574345,7.199485949
Asia and Oceania,2006,1842.561196,343.6917981,69.07300258,140.9597983,432.9071053,8.383477524
Asia and Oceania,2007,1964.401949,364.1961951,72.92235598,135.5594518,431.8196385,9.333804391
Asia and Oceania,2008,2047.207609,379.6377653,80.83792863,131.594338,440.679759,11.67752037
Asia and Oceania,2009,2195.868955,401.0063023,83.51837403,137.3560541,443.8664372,14.20288074
Asia and Oceania,2010,2353.572078,443.9484399,94.96414445,144.8800881,466.7429718,17.50686824
Asia and Oceania,2011,2522.236853,446.4649433,96.50902837,119.7729279,460.091588,23.89584721
Asia and Oceania,2012,2443.856055,445.3583653,109.6512468,85.22916439,462.1663474,29.46000049
Asia and Oceania,2013,2504.427028,459.7456112,113.5994498,85.03468303,458.8324855,34.7223915
Asia and Oceania,2014,2493.723082,491.52623,112.8724592,93.38053573,460.6557852,39.6714989
Central and South America,1900,0.257915,-,0.001203783,-,0.038,-
Central and South America,1901,0.44562,-,0.001375752,-,0.039,-
Central and South America,1902,0.51765,-,-,-,0.032,-
Central and South America,1903,0.5966954,-,-,-,0.037,-
Central and South America,1904,0.5617304,-,-,-,0.039,-
Central and South America,1905,0.6005188,-,0.005417025,-,0.05,-
Central and South America,1906,0.6999566,-,0.007652623,-,0.071,-
Central and South America,1907,0.7051366,-,0.010748065,-,0.1,-
Central and South America,1908,0.867188,-,0.014961307,-,0.128,-
Central and South America,1909,0.87495905,-,0.021066208,-,0.199,-
Central and South America,1910,0.9561748,-,0.02966466,-,0.192,-
Central and South America,1911,1.0593576,-,0.030524506,-,0.238,-
Central and South America,1912,1.1145043,-,-,-,0.305,-
Central and South America,1913,1.08959585,-,0.0361135,-,0.368,-
Central and South America,1914,0.9607269,-,0.039294927,-,0.393,-
Central and South America,1915,1.03586315,-,0.042734308,-,0.551,-
Central and South America,1916,1.25564985,-,0.046431642,-,0.635,-
Central and South America,1917,1.4047103,-,0.050472915,-,0.783,-
Central and South America,1918,1.4809389,-,0.054858126,-,0.89,-
Central and South America,1919,1.436673,-,0.059673259,-,0.864,-
Central and South America,1920,1.18023325,-,0.064918315,-,0.992,-
Central and South America,1921,1.30669,-,0.069905417,-,1.369,-
Central and South America,1922,1.11657945,-,0.073086844,-,1.885,-
Central and South America,1923,1.20157835,-,0.085382631,-,2.404,-
Central and South America,1924,1.40422135,-,0.092433362,-,3.724,-
Central and South America,1925,1.329937,-,0.103267412,-,5.795,-
Central and South America,1926,1.3675984,-,0.111865864,-,9.391,-
Central and South America,1927,1.3328553,-,0.119604471,-,14.347,-
Central and South America,1928,1.34574895,-,0.129578676,-,22.365,-
Central and South America,1929,1.47947695,0.386534011,0.163972485,-,27.306,-
Central and South America,1930,1.41937915,0.428910669,0.161392949,-,27.355,-
Central and South America,1931,1.1243673,0.471287328,0.164144454,-,24.296,-
Central and South America,1932,1.05879795,0.513663986,0.174290628,-,24.169,-
Central and South America,1933,1.4965433,0.556040644,0.186242476,-,24.384,-
Central and South America,1934,1.84552305,0.598417303,0.19828031,-,28.413,-
Central and South America,1935,2.088058,0.640793961,0.216509028,-,30.595,-
Central and South America,1936,1.9925479,0.683170619,0.225709372,-,32.208,-
Central and South America,1937,2.07266745,2.076472378,0.279793637,-,37.721,-
Central and South America,1938,2.1854756,2.127507312,0.28650043,-,38.477,-
Central and South America,1939,2.16269375,2.178542247,0.2783319,-,41.489,-
Central and South America,1940,2.5048989,2.229577181,0.298796217,-,39.109,-
Central and South America,1941,2.5473357,2.280612116,0.33783319,-,44.699,-
Central and South America,1942,2.95704185,2.331647051,0.366208083,-,31.761,-
Central and South America,1943,3.163174,2.382681985,0.395614789,-,36.782,-
Central and South America,1944,3.0909249,2.43371692,0.427085125,-,49.082,-
Central and South America,1945,3.07196645,2.484751854,0.463628547,-,58.065,-
Central and South America,1946,2.93079465,2.544750289,0.543422184,-,66.729,-
Central and South America,1947,3.01706685,2.867158544,0.608426483,-,73.974,-
Central and South America,1948,3.16161475,2.645792333,0.738263113,-,82.056,-
Central and South America,1949,3.11873555,2.942035833,0.78383491,-,81.406,-
Central and South America,1950,3.54886105,3.664447889,0.862080825,-,91.51,-
Central and South America,1951,3.46535245,4.027122789,1.000859845,-,103.67,-
Central and South America,1952,3.5841526,3.883248211,1.24239037,-,109.546,-
Central and South America,1953,3.7105383,4.505844467,1.293895099,-,107.731,-
Central and South America,1954,3.88392375,4.944867122,1.471281169,-,115.401,-
Central and South America,1955,4.231143,5.279557189,1.569905417,-,130.193,-
Central and South America,1956,4.2094157,5.790100478,1.796130696,-,148.196,-
Central and South America,1957,4.05211765,6.868246311,2.027687016,-,167.224,-
Central and South America,1958,4.4657697,7.7123368,2.320034394,-,158.966,-
Central and South America,1959,4.4866304,7.8747662,2.385640585,-,171.354,-
Central and South America,1960,4.3437184,9.192193578,2.517282889,-,180.299,-
Central and South America,1961,4.7417671,10.88935377,2.65227859,-,187.212,-
Central and South America,1962,4.9750288,12.3538506,2.884178848,-,204.259,-
Central and South America,1963,5.1399579,13.26232592,3.031040413,-,208.397,-
Central and South America,1964,5.2248161,14.35094243,3.275580396,-,217.952,-
Central and South America,1965,5.33037995,15.53756851,3.614961307,-,223.255,-
Central and South America,1966,5.2263344,16.6131441,4.005760963,0.00312671,220.098,-
Central and South America,1967,5.93350275,17.91477816,4.154428203,0.009901248,234.759,-
Central and South America,1968,6.3158536,19.19500909,4.486328461,0.004690065,240.647,-
Central and South America,1969,6.72248535,20.21503633,4.875236457,0.013288517,240.843,-
Central and South America,1970,5.9386236,22.47879239,5.71883061,0.011725162,247.353,-
Central and South America,1971,6.3755349,24.2291399,6.271711092,0.010943485,239.943,-
Central and South America,1972,6.4506001,27.63845117,7.082545142,0.019020819,226.874,-
Central and South America,1973,6.365639,30.8770273,7.913069647,0.011985721,241.534,-
Central and South America,1974,6.6399242,31.5328062,9.097506449,0.276713828,220.452,-
Central and South America,1975,7.14078435,32.20065318,10.07205503,0.662341385,185.662,0.006190886
Central and South America,1976,8.1002159,33.99049617,11.0772141,0.674848224,183.986,0.024075666
Central and South America,1977,9.65138125,36.22646782,12.25408426,0.426795904,182.521,0.034393809
Central and South America,1978,10.7812446,35.96920709,13.57884781,0.754579327,183.519,0.033619948
Central and South America,1979,12.05452955,39.93390178,15.28899398,0.701425259,196.82,0.033705933
Central and South America,1980,5.390425063,34.51484232,17.32510748,0.579223013,195.0925,2.260267322
Central and South America,1981,5.737719646,38.2530713,17.52613929,0.696995753,195.6329028,2.522452931
Central and South America,1982,5.978089016,40.0946847,19.13293207,0.476041585,186.6057431,3.429186809
Central and South America,1983,6.577636711,41.44854395,20.70739467,0.88694338,186.3279375,4.514154473
Central and South America,1984,7.903608681,47.43492869,22.7033534,1.830428099,197.0579236,6.260817403
Central and South America,1985,9.301655582,48.84821122,24.56251075,2.176971781,198.5270486,6.48954297
Central and South America,1986,10.27609984,49.64493744,26.57489252,1.43307538,209.8631238,5.857230321
Central and South America,1987,11.69167708,47.47058971,27.74239037,1.838505433,206.4923372,6.372750282
Central and South America,1988,13.77021844,50.7751834,28.86130696,1.34318247,218.8904655,6.513613502
Central and South America,1989,15.98707344,58.02217848,29.57850387,1.641522708,221.4401558,6.617157734
Central and South America,1990,16.45116581,55.18626347,31.17650129,2.336173428,238.425662,6.729596259
Central and South America,1991,16.35121493,59.30974904,32.91565434,2.361968785,251.1083768,7.225813592
Central and South America,1992,17.00481386,58.85288428,33.53904729,2.190781417,255.849597,6.906846968
Central and South America,1993,17.23637105,62.84298324,36.14224678,2.015341723,268.4891567,6.648823117
Central and South America,1994,17.27451894,66.72235752,38.2579914,2.051958102,287.5677827,7.295918195
Central and South America,1995,18.59282279,70.59248482,39.60644282,2.466101253,310.2841731,7.423535128
Central and South America,1996,20.50352467,75.67512112,41.27363027,2.404322676,330.8360735,8.236051206
Central and South America,1997,26.17727351,79.9610356,43.37957868,2.725592121,355.9503543,9.010881745
Central and South America,1998,28.40643615,85.56638791,44.21931814,2.673336981,360.7677109,8.233035402
Central and South America,1999,27.23580826,85.80210578,44.37031556,2.74186404,355.0499322,7.817306547
Central and South America,2000,31.47742774,93.25410842,46.95896647,2.846608823,370.7300655,6.667203751
Central and South America,2001,34.32472261,99.70939829,43.90278332,5.42197556,365.9050109,7.285908486
Central and South America,2002,31.43979263,99.65369707,46.00668444,5.010552646,351.2342729,8.102003435
Central and South America,2003,37.50907804,109.6514564,47.93983319,5.323223638,338.8688247,9.285191568
Central and South America,2004,39.73291196,122.5955067,49.99936543,4.927955392,356.1677199,9.467868082
Central and South America,2005,43.79162049,125.9434659,52.85733964,4.05716668,367.1836328,10.36656234
Central and South America,2006,48.37935064,136.3209974,55.21396991,5.246879804,369.8589636,12.01075993
Central and South America,2007,49.56166546,134.0545001,56.99399742,4.78665416,368.5671739,15.44011104
Central and South America,2008,51.50354023,139.4212433,57.3647687,5.256129654,378.375315,19.1565293
Central and South America,2009,49.62010791,132.9191754,58.83493551,5.162719195,381.4950653,19.96796028
Central and South America,2010,50.02191304,143.1203588,59.09093723,5.332499544,399.5592119,22.64318194
Central and South America,2011,56.84792861,148.2233665,62.74075666,5.39026551,408.4997267,21.1643445
Central and South America,2012,59.91175428,155.6852735,61.50859845,5.491284296,405.6655219,22.24502666
Central and South America,2013,58.9396641,160.4270147,59.07447431,5.118627374,411.9617816,25.54392828
Central and South America,2014,59.80702386,161.8582751,58.982005,5.502123557,426.4130887,28.27880944
Europe,1900,275.6720057,-,0.009458298,-,0.649,-
Europe,1901,267.2171135,-,0.013757524,-,0.752,-
Europe,1902,269.0106864,-,0.018916595,-,0.903,-
Europe,1903,280.6623579,-,0.025795357,-,1.154,-
Europe,1904,283.6562957,-,0.030094583,-,1.452,-
Europe,1905,299.6225194,-,0.034393809,-,1.567,-
Europe,1906,309.5637997,-,0.047291488,-,1.8,-
Europe,1907,329.2967405,-,0.068787618,-,2.391,-
Europe,1908,330.0344712,-,0.08383491,-,3.009,-
Europe,1909,332.8783969,-,0.094582975,-,3.59,-
Europe,1910,342.0739707,-,0.107480653,-,3.245,-
Europe,1911,353.1744248,-,0.128976784,-,3.233,-
Europe,1912,362.464017,-,0.150472915,-,3.189,-
Europe,1913,390.14208,-,0.171969046,-,3.148,-
Europe,1914,341.6359706,-,0.199914015,-,2.81,-
Europe,1915,321.5395281,-,0.225709372,-,2.464,-
Europe,1916,334.0014353,-,0.277300086,-,1.906,0.001031814
Europe,1917,326.7371111,-,0.290197764,-,1.646,0.00171969
Europe,1918,302.7669873,-,0.442906277,-,1.845,0.001805675
Europe,1919,257.1988433,-,0.417454858,-,1.785,0.001203783
Europe,1920,291.9823298,-,0.469475494,-,1.979,0.000601892
Europe,1921,258.8979929,-,0.447119518,-,1.985,0.001633706
Europe,1922,310.0100784,0.568589078,0.463456578,-,2.22,0.00171969
Europe,1923,305.9639272,0.645148091,0.847635426,-,2.386,0.002149613
Europe,1924,331.9379977,0.721707104,0.941960447,-,2.78,0.002321582
Europe,1925,326.802175,0.798266117,1.298796217,-,3.305,0.00266552
Europe,1926,272.3964397,0.87482513,1.548323302,-,4.229,0.00361135
Europe,1927,357.5788118,0.951384143,1.674118659,-,4.585,0.004385211
Europe,1928,353.9124257,1.027943156,1.821496131,-,5.211,0.005073087
Europe,1929,381.4478882,1.189401258,3.023559759,-,5.71,0.005159071
Europe,1930,350.8604981,1.35085936,2.387188306,-,6.736,0.004901118
Europe,1931,319.5983154,1.512317463,3.201461737,-,7.726,0.00455718
Europe,1932,291.0864401,1.673775565,3.137575236,-,8.256,0.004299226
Europe,1933,294.1406678,1.835233668,3.367067928,-,8.295,0.006534824
Europe,1934,313.8291989,1.99669177,3.515047291,-,9.444,0.00627687
Europe,1935,324.1016083,2.158149873,4.268615649,-,9.443,0.007050731
Europe,1936,338.351013,2.319607975,4.669045572,-,9.813,0.007996561
Europe,1937,370.8028958,2.481066078,5.553482373,-,8.334,0.002149613
Europe,1938,369.430676,2.383323349,5.561822872,-,8.029,0.017454858
Europe,1939,368.3566159,2.285580621,6.202751505,-,8.042,0.041960447
Europe,1940,391.9022272,2.187837893,6.136715391,-,8.401,0.046087704
Europe,1941,385.1085795,2.090095164,6.481771281,-,8.009,0.055803955
Europe,1942,391.543956,1.992352436,5.657093723,-,8.762,0.076784179
Europe,1943,394.7502472,1.894609707,6.716251075,-,8.781,0.078159931
Europe,1944,352.0182547,1.796866979,5.695098882,-,6.971,0.023989682
Europe,1945,219.9849771,1.699124251,5.501633706,-,6.567,0.007910576
Europe,1946,299.0165056,2.102101789,6.469819433,-,6.873,0.020550301
Europe,1947,327.8770131,2.123417878,7.052192605,-,6.691,0.057781599
Europe,1948,358.5919775,3.736447944,8.229148753,-,7.276,0.075408426
Europe,1949,387.3605936,6.117157589,7.768013758,-,8.55,0.090799656
Europe,1950,402.0107557,5.548359367,8.61539123,-,9.801,0.10988822
Europe,1951,424.0041859,7.038872867,10.93981083,-,12.058,0.136285469
Europe,1952,439.0264309,8.519912022,11.58417885,-,15.003,0.158125537
Europe,1953,443.8183474,10.14926111,11.86319862,-,17.382,0.161650903
Europe,1954,450.6503897,11.31309317,12.86199484,-,19.494,0.161736887
Europe,1955,463.9178068,12.66038013,13.88787618,-,22.328,0.159845228
Europe,1956,473.074069,14.43255994,14.4422184,0.015112431,23.608,0.152966466
Europe,1957,479.0928905,16.19289132,15.61926053,0.106568696,25.209,0.155803955
Europe,1958,479.03793,18.40144662,17.10318143,0.08051278,25.936,0.165950129
Europe,1959,480.074574,22.85678103,17.4816853,0.323614477,27.317,0.178761823
Europe,1960,481.2243776,23.59083681,20.03035254,0.575575184,29.418,0.180911436
Europe,1961,488.0272233,26.15891468,20.84058469,0.69465072,31.179,0.197076526
Europe,1962,494.5740877,29.36154674,21.31702494,1.091482321,32.799,0.20171969
Europe,1963,500.798983,32.0654397,23.14135856,2.045649965,34.488,0.208684437
Europe,1964,510.6580367,35.62842733,22.76646604,3.133223898,36.771,0.217282889
Europe,1965,498.2867575,40.021072,25.9460877,5.44047526,38.183,0.221496131
Europe,1966,482.1090302,45.66124679,27.97231298,7.102321582,38.613,0.226397248
Europe,1967,462.9742135,54.38558207,28.08538263,8.38088538,39.717,0.224419604
Europe,1968,461.9075727,69.66651759,29.12218401,9.327757367,40.316,0.231642304
Europe,1969,456.6804753,89.72070808,28.79062769,11.05422236,40.585,0.237919175
Europe,1970,460.4258526,116.1452849,30.05907137,11.78978087,40.449,0.235339639
Europe,1971,459.3888838,142.0885539,30.57901978,13.33463613,40.111,0.230094583
Europe,1972,437.6749237,171.2189256,31.91203783,17.53198364,41.462,0.223903697
Europe,1973,439.7765313,194.2963802,32.33981083,19.27173715,41.558,0.215305245
Europe,1974,427.4984063,213.643049,34.98228719,22.64467547,41.769,0.215821152
Europe,1975,447.9802404,219.6330522,35.40920034,30.29990359,49.757,0.215047291
Europe,1976,451.9204204,235.2159512,33.03250215,35.35970192,64.134,0.218572657
Europe,1977,453.8075213,238.9585021,39.79122958,41.27882436,89.034,0.216423044
Europe,1978,459.7521373,245.3062295,39.88804815,46.77818599,106.935,0.215993121
Europe,1979,472.3246826,254.2858895,42.07007739,51.99900988,132.252,0.219174549
Europe,1980,403.4021816,221.1465623,39.38245916,45.32869538,154.5037624,1.191573517
Europe,1981,397.4269945,217.725388,39.91014617,61.90937752,164.4784342,1.163456578
Europe,1982,415.1008352,207.9615065,39.54264832,67.74329712,184.7146071,1.16577816
Europe,1983,414.627299,214.3027369,40.72957868,82.28484327,209.5772918,1.107566638
Europe,1984,381.9228315,216.5197038,41.37927773,103.4115011,226.2752631,1.195184867
Europe,1985,413.0961549,221.3159055,40.99217541,120.9596394,235.0969451,1.223301806
Europe,1986,421.3199241,219.6257713,39.51289768,136.4334662,241.507905,1.32244196
Europe,1987,415.3052233,225.2010927,42.22570937,138.7420204,244.1176093,1.510920034
Europe,1988,408.7804017,215.2294722,45.96018917,147.9290758,243.1984724,1.540326741
Europe,1989,398.7252666,216.9178366,40.01418745,158.0606582,237.5624983,1.614170249
Europe,1990,361.5828742,211.0786606,40.79673259,160.5354491,244.2600242,2.165090284
Europe,1991,325.2324882,221.1483182,40.88306105,204.2215795,256.162329,2.356319862
Europe,1992,299.3214455,222.4603474,43.52828891,207.2687668,270.9860872,2.558893378
Europe,1993,278.6938287,232.6300429,44.98813414,216.394893,283.9687129,2.839961298
Europe,1994,259.5778024,235.0622216,45.40782459,216.5436827,327.3306069,3.162002568
Europe,1995,249.8123822,245.0436901,46.47153912,221.2715886,345.5453829,3.496307813
Europe,1996,253.6734583,276.7889831,45.30938607,232.153313,367.3645329,3.708995681
Europe,1997,251.8244963,267.6601608,46.48577988,235.2331275,367.0817162,4.434650876
Europe,1998,229.1137718,263.42685,48.0683147,233.9107324,364.3986848,5.268033503
Europe,1999,223.1711128,269.9468087,48.68155202,237.4418302,368.1902475,5.631398079
Europe,2000,210.1250398,277.8093814,50.565319,238.3954767,361.6714555,7.419758411
Europe,2001,209.7937918,280.8199427,50.23535684,246.0402824,364.532985,8.591222494
Europe,2002,207.3169351,288.9156533,46.32403611,248.5895933,360.4971456,10.21476676
Europe,2003,204.718103,291.319545,43.30335598,249.3522499,349.3751317,11.93771402
Europe,2004,199.7300105,302.3591736,46.51929837,252.8713802,330.5781437,14.55588701
Europe,2005,193.5163761,290.00565,46.51306879,250.1307851,309.5098104,17.35766411
Europe,2006,191.1533415,281.4347683,45.86310662,249.7675786,289.7460637,21.31882552
Europe,2007,194.1545062,270.6178569,46.21688822,235.963639,272.5560384,25.59530359
Europe,2008,187.411203,280.3973525,48.45244368,236.503726,260.3439165,29.5321132
Europe,2009,176.6202346,269.7323548,48.13658469,225.2115766,250.1102022,33.9086665
Europe,2010,171.8165233,275.0858508,52.88381427,233.6186013,234.7279671,38.51060007
Europe,2011,177.4937775,250.7664857,46.4116939,231.1786237,216.9345588,43.66741221
Europe,2012,176.6865945,257.4184506,51.2455718,224.8104432,201.2398751,48.90639663
Europe,2013,159.5463241,250.6677391,53.2072974,222.4807603,192.3310464,55.24436999
Europe,2014,155.8352533,236.2284186,53.61584174,223.6182793,194.9530791,59.40797735
Middle East,1900,-,-,-,-,-,-
Middle East,1901,-,-,-,-,-,-
Middle East,1902,-,-,-,-,-,-
Middle East,1903,-,-,-,-,-,-
Middle East,1904,-,-,-,-,-,-
Middle East,1905,-,-,-,-,-,-
Middle East,1906,-,-,-,-,0.001,-
Middle East,1907,-,-,-,-,-,-
Middle East,1908,-,-,-,-,-,-
Middle East,1909,-,-,-,-,-,-
Middle East,1910,-,-,-,-,-,-
Middle East,1911,-,-,-,-,0.044,-
Middle East,1912,-,-,-,-,0.082,-
Middle East,1913,-,-,-,-,0.278,-
Middle East,1914,-,-,-,-,0.382,-
Middle East,1915,-,-,-,-,0.457,-
Middle East,1916,-,-,-,-,0.654,-
Middle East,1917,-,-,-,-,0.912,-
Middle East,1918,-,-,-,-,1.124,-
Middle East,1919,-,-,-,-,1.408,-
Middle East,1920,-,-,-,-,1.772,-
Middle East,1921,-,-,-,-,2.365,-
Middle East,1922,-,-,-,-,3.007,-
Middle East,1923,-,-,-,-,3.774,-
Middle East,1924,-,-,-,-,4.403,-
Middle East,1925,-,-,-,-,4.629,-
Middle East,1926,-,-,-,-,4.909,-
Middle East,1927,-,-,-,-,5.489,-
Middle East,1928,-,-,-,-,5.857,-
Middle East,1929,-,-,-,-,5.67,-
Middle East,1930,-,-,-,-,6.156,-
Middle East,1931,-,-,-,-,5.963,-
Middle East,1932,-,-,-,-,6.671,-
Middle East,1933,-,-,-,-,7.319,-
Middle East,1934,-,-,-,-,8.631,-
Middle East,1935,-,-,-,-,11.339,-
Middle East,1936,-,-,-,-,12.861,-
Middle East,1937,-,-,0.002493551,-,15.512,-
Middle East,1938,-,-,-,-,15.697,-
Middle East,1939,0.0525,-,-,-,15.272,-
Middle East,1940,0.0644,-,-,-,12.927,-
Middle East,1941,0.063,-,-,-,9.787,-
Middle East,1942,0.0574,-,-,-,13.615,-
Middle East,1943,0.0483,-,-,-,14.983,-
Middle East,1944,0.07,-,-,-,19.632,-
Middle East,1945,0.105,-,-,-,25.588,-
Middle East,1946,0.105,-,-,-,34.273,-
Middle East,1947,0.1316,-,-,-,41.008,-
Middle East,1948,0.105,-,0.004729149,-,55.666,-
Middle East,1949,0.119,-,0.005760963,-,68.523,-
Middle East,1950,0.14,-,0.005503009,-,85.825,-
Middle East,1951,0.14,-,0.006706793,-,94.49,-
Middle East,1952,0.119,-,0.007824592,-,102.382,-
Middle East,1953,0.1085,-,0.009544282,-,119.277,-
Middle East,1954,0.0154,-,0.01083405,-,135.204,-
Middle East,1955,0.1715,0.656104867,0.010748065,-,159.383,-
Middle East,1956,0.133,0.831317744,0.013843508,-,169.757,-
Middle East,1957,0.1232,1.034760378,0.016079106,-,174.854,-
Middle East,1958,0.1288,0.999731133,0.014703353,-,210.772,-
Middle East,1959,0.1659,1.294253956,0.013155632,-,227.177,-
Middle East,1960,0.161,2.591117356,0.011951849,-,260.899,-
Middle East,1961,0.1386,2.793318189,0.019088564,-,279.389,-
Middle East,1962,0.1435,3.3364926,0.033791917,-,306.642,-
Middle East,1963,0.1596,3.943065544,0.05322442,-,338.074,-
Middle East,1964,0.1918,4.947859156,0.059759243,-,378.479,-
Middle East,1965,0.1995,5.229520722,0.077128117,-,414.172,-
Middle East,1966,0.1995,5.793040711,0.092347377,-,461.758,-
Middle East,1967,0.203,6.951373644,0.11805675,-,495.406,-
Middle East,1968,0.2702,9.191887911,0.142906277,-,556.206,-
Middle East,1969,0.343,13.69200366,0.199226139,-,611.765,-
Middle East,1970,0.371,22.7027038,0.223559759,-,686.584,-
Middle East,1971,0.42,27.55964361,0.324075666,-,804.027,-
Middle East,1972,0.7,31.61218706,0.395184867,-,895.152,-
Middle East,1973,0.07,37.08263386,0.31177988,-,1047.9,-
Middle East,1974,0.84,41.50067398,0.427429063,-,1079.822,-
Middle East,1975,0.7,42.20016469,0.476870163,-,969.25,-
Middle East,1976,0.63,43.53620896,0.568185727,-,1098.391,-
Middle East,1977,0.63,46.43422817,0.596818573,-,1103.955,-
Middle East,1978,0.63,48.86034214,0.651504729,-,1052.15,-
Middle East,1979,0.63,58.74700036,0.476556406,-,1066.303,-
Middle East,1980,0.594941758,37.5907301,0.827085125,-,964.4111111,-
Middle East,1981,0.462732479,38.30959957,0.887188306,-,832.2506944,-
Middle East,1982,0.742355109,36.26281457,0.907652623,-,674.3375,-
Middle East,1983,0.678233603,40.04746601,0.865004299,-,619.5368056,-
Middle East,1984,0.820358584,52.96273915,0.923731728,-,609.3979167,-
Middle East,1985,0.827630092,62.92006567,0.925365434,-,557.6900903,-
Middle East,1986,0.834240559,69.60926946,0.869991402,-,666.140622,-
Middle East,1987,0.819697539,80.05736852,0.894582975,-,690.8558508,-
Middle East,1988,0.832918462,87.42585298,0.903525365,-,775.1301746,-
Middle East,1989,0.793255679,97.52028559,0.901633706,-,853.5140133,-
Middle East,1990,0.727151043,98.00436078,0.829320722,-,884.5718025,8.59845E-05
Middle East,1991,0.592297576,101.7346889,0.899140155,-,864.5459335,8.59845E-05
Middle East,1992,0.641876054,109.1228016,1.146259673,-,930.6081417,8.59845E-05
Middle East,1993,0.640553963,116.8512158,1.174032674,-,977.9520149,8.59845E-05
Middle East,1994,0.854732996,123.7138459,0.971969046,-,1015.697642,8.59845E-05
Middle East,1995,0.722675522,131.6344378,0.946173689,-,1035.225053,8.59845E-05
Middle East,1996,0.744717337,145.9229203,0.967411866,-,1045.239924,8.59845E-05
Middle East,1997,0.708790202,164.2082628,0.940670679,-,1086.366091,0.000257954
Middle East,1998,0.720502019,173.9909952,0.948925193,-,1153.859534,0.000257954
Middle East,1999,0.686530675,182.8552583,0.737231298,-,1121.083349,0.000257954
Middle East,2000,0.672472027,199.7541486,0.683061049,-,1190.290128,0.003439381
Middle East,2001,0.571718381,210.7498309,0.807996561,-,1154.69975,0.004041273
Middle East,2002,0.604521891,230.3083276,1.004815133,-,1092.000552,0.004213242
Middle East,2003,0.669543141,242.9534211,1.338521066,-,1160.932225,0.004127257
Middle East,2004,0.705275543,263.0516741,1.404213242,-,1249.676913,0.005760963
Middle East,2005,0.911469058,297.5839561,2.345743766,-,1295.281613,0.007738607
Middle East,2006,0.96711787,315.8452436,2.474380052,-,1277.285417,0.012381771
Middle East,2007,0.975318749,333.5589433,2.371594153,-,1244.830347,0.014187446
Middle East,2008,0.931385473,358.3851976,1.005085985,-,1309.744689,0.018658641
Middle East,2009,0.674815138,389.9717789,1.109263113,-,1240.50366,0.027687016
Middle East,2010,0.600421452,445.0605957,1.516538263,-,1330.321739,0.031025989
Middle East,2011,0.606865002,489.7970842,1.733963887,0.025529586,1403.682767,0.054989876
Middle East,2012,0.688870225,516.9149922,1.890627687,0.346022564,1414.336192,0.064774915
Middle East,2013,0.69075754,529.6507135,1.991509116,1.014531384,1393.677872,0.091972456
Middle East,2014,0.69075754,548.3811046,1.899399761,1.078714922,1412.14872,0.126007185
Eurasia,1900,9.3131262,-,-,-,10.342,-
Eurasia,1901,9.52698915,-,-,-,11.564,-
Eurasia,1902,9.4918257,-,-,-,10.984,-
Eurasia,1903,9.7235586,-,-,-,10.311,-
Eurasia,1904,11.30360805,-,-,-,10.724,-
Eurasia,1905,10.76174505,-,-,-,7.458,-
Eurasia,1906,12.52452915,-,-,-,8.072,-
Eurasia,1907,14.9877,-,-,-,8.554,-
Eurasia,1908,14.9127615,-,-,-,8.627,-
Eurasia,1909,15.5675135,-,-,-,9.176,-
Eurasia,1910,14.5568535,-,-,-,9.541,-
Eurasia,1911,15.4589309,-,-,-,9.055,-
Eurasia,1912,18.23977715,-,-,-,9.165,-
Eurasia,1913,19.78088,-,0.003009458,-,9.011,-
Eurasia,1914,18.5388756,-,-,-,8.93,-
Eurasia,1915,18.24700255,-,-,-,9.271,-
Eurasia,1916,19.26196895,-,-,-,9.871,-
Eurasia,1917,18.0236987,-,-,-,8.757,-
Eurasia,1918,7.0518714,-,-,-,3.69,-
Eurasia,1919,4.922568,-,-,-,4.437,-
Eurasia,1920,4.4238985,-,-,-,3.9,-
Eurasia,1921,4.867765,-,0.000859845,-,3.8,-
Eurasia,1922,5.9119781,0.018669,0.001031814,-,4.7,-
Eurasia,1923,6.6529918,0.061637333,0.00171969,-,5.3,-
Eurasia,1924,8.8769548,0.104605667,0.002579536,-,6.1,-
Eurasia,1925,9.02661585,0.147574,0.003439381,-,7.1,-
Eurasia,1926,14.11321835,0.190542333,0.004299226,-,8.3,-
Eurasia,1927,17.7384039,0.233510667,0.022012038,-,10.3,-
Eurasia,1928,19.53139335,0.276479,0.036973345,-,11.6,-
Eurasia,1929,22.02905005,0.457538667,0.03972485,-,13.7,-
Eurasia,1930,26.16426855,0.638598333,0.04772141,-,18.5,-
Eurasia,1931,30.86961395,0.819658,0.050902837,-,22.4,-
Eurasia,1932,34.98574345,1.000717667,0.069819433,-,21.4,-
Eurasia,1933,41.28073915,1.181777333,0.107480653,-,21.5,-
Eurasia,1934,50.78452015,1.362837,0.204299226,-,24.2,-
Eurasia,1935,58.8097482,1.543896667,0.316079106,-,25.2,-
Eurasia,1936,67.71604315,1.724956333,0.34505589,-,27.4,-
Eurasia,1937,68.2144281,1.906016,0.359759243,-,28.5,-
Eurasia,1938,71.1301381,2.064653111,0.437145314,-,30.2,-
Eurasia,1939,77.75860715,2.223290222,0.40455718,-,30.3,-
Eurasia,1940,87.6812678,2.381927333,0.439638865,-,31.1,-
Eurasia,1941,84.62286,2.540564444,-,-,32.201,-
Eurasia,1942,51.8805,2.699201556,-,-,30.781,-
Eurasia,1943,75.74553,2.857838667,-,-,27.36,-
Eurasia,1944,61.68015,3.016475778,-,-,37.234,-
Eurasia,1945,70.7646681,3.175112889,0.416251075,-,19.4,-
Eurasia,1946,79.02832875,3.33375,0.519862425,-,21.746,-
Eurasia,1947,89.95119,4.08051,0.626225279,-,26.022,-
Eurasia,1948,102.1674024,4.50723,0.805588994,-,29.249,-
Eurasia,1949,115.3743815,4.65836,0.989853826,-,33.444,-
Eurasia,1950,127.2182993,5.121529,1.091229579,-,37.878,-
Eurasia,1951,138.1259208,5.558028,1.179879622,-,42.253,-
Eurasia,1952,147.0828251,5.675376,1.281857266,-,47.311,-
Eurasia,1953,155.2072183,6.105652,1.650988822,-,52.777,-
Eurasia,1954,168.3437585,6.678168,1.595958727,-,59.281,-
Eurasia,1955,189.9764003,7.966329,1.992691316,-,70.793,-
Eurasia,1956,208.9758069,10.727563,2.492175408,-,83.806,-
Eurasia,1957,225.7388539,16.520287,3.390283749,-,98.346,-
Eurasia,1958,242.0647425,24.967565,3.99638865,-,113.216,-
Eurasia,1959,248.60635,31.458154,4.09544282,-,129.557,-
Eurasia,1960,252.4266273,40.274367,4.377730009,-,147.859,-
Eurasia,1961,252.1910801,52.434109,5.083576956,-,166.068,-
Eurasia,1962,258.0567584,65.363725,6.186070507,-,186.244,-
Eurasia,1963,264.5848464,79.860648,6.522699914,-,206.069,-
Eurasia,1964,274.804838,96.515174,6.651848667,-,223.603,-
Eurasia,1965,287.0365775,113.495074,7.002063629,-,242.888,-
Eurasia,1966,292.6379208,127.093218,7.895356836,0.429140936,265.125,-
Eurasia,1967,298.9803544,139.968605,7.615735168,0.469006488,288.068,-
Eurasia,1968,300.064183,150.330789,8.945829751,0.6513979,309.15,-
Eurasia,1969,307.2447088,161.016569,9.903783319,0.755621564,328.373,-
Eurasia,1970,314.4315447,175.973105,10.69449699,0.963026655,353.039,-
Eurasia,1971,322.3675256,188.821822,10.84256234,1.589410876,377.075,-
Eurasia,1972,301.1374041,196.812154,10.56741187,2.397144272,400.44,-
Eurasia,1973,307.2313549,210.093814,10.51977644,3.647828239,429.037,-
Eurasia,1974,315.2361828,231.20223,11.35253654,4.820344459,458.848,-
Eurasia,1975,322.5691158,257.159252,10.83293207,5.264597827,490.801,-
Eurasia,1976,328.1119762,285.327217,11.6711092,6.868600016,519.877,-
Eurasia,1977,332.1580171,387.606667,12.64092863,9.074233305,545.799,-
Eurasia,1978,333.0041617,330.880466,14.5916595,10.16180724,571.531,-
Eurasia,1979,329.6287407,361.464733,14.79131556,12.50683968,585.571,-
Eurasia,1980,276.8139973,402.81696,15.82330181,18.98919722,607.8770833,-
Eurasia,1981,271.7638031,413.6217123,15.90653482,16.68891581,615.9375,-
Eurasia,1982,276.0616473,445.0902123,15.08684437,25.69692801,619.8409722,-
Eurasia,1983,274.3769318,476.4809221,15.49320722,28.59004664,623.6430556,-
Eurasia,1984,277.3719413,539.4765015,17.46818573,36.98444983,618.5229167,-
Eurasia,1985,282.2114862,590.5270647,17.63078246,44.28534094,605.0381944,-
Eurasia,1986,291.3773225,625.5663054,18.35571797,39.48847026,619.7954172,-
Eurasia,1987,294.7449058,655.635903,18.69871023,45.9241851,628.0798313,-
Eurasia,1988,298.5192676,703.0545984,19.64849527,53.07755543,629.8555664,-
Eurasia,1989,286.393373,726.8087609,19.00240757,55.41879413,609.627487,0.002235598
Eurasia,1990,312.6234406,744.1643664,19.83404987,52.45222908,572.8948,0.002321582
Eurasia,1991,243.4988161,729.9551952,20.00429923,52.50136794,522.8328179,0.002493551
Eurasia,1992,229.5059322,700.9329003,19.78452279,51.61025561,445.557069,0.161736887
Eurasia,1993,204.4180424,685.6728186,20.65038693,51.41223065,398.8520953,0.153396389
Eurasia,1994,170.3012934,647.8784104,21.11272571,43.2429193,367.6728681,0.141014617
Eurasia,1995,163.2454065,634.3942566,20.25417025,44.82920347,362.0500447,0.138865004
Eurasia,1996,156.0260572,610.4910374,18.26620808,50.59537768,357.1013305,0.136715391
Eurasia,1997,143.5784104,577.2673308,18.40128977,50.1563355,365.7240099,0.135081685
Eurasia,1998,139.3042477,586.6165762,19.05288048,47.77769092,368.1735614,0.134737747
Eurasia,1999,166.1188026,596.1515606,19.29217541,49.43067824,387.2870364,0.182545142
Eurasia,2000,175.0588078,616.6281337,19.43069647,52.98548685,414.9186324,0.225451419
Eurasia,2001,174.979227,622.7555826,20.23327601,54.66739623,444.7763304,0.257781599
Eurasia,2002,173.9582653,636.8696292,19.26285469,58.11641783,477.9892175,0.260877042
Eurasia,2003,188.8186736,658.3575757,19.1338779,61.07506709,528.4435781,0.196646604
Eurasia,2004,190.8016355,682.6146702,21.24075666,61.67774043,575.2266978,0.216304748
Eurasia,2005,203.0366971,691.7315394,20.98316337,60.80558639,596.4807679,0.306254232
Eurasia,2006,208.5313161,708.7602501,20.89922614,62.58466349,616.400938,0.3362737
Eurasia,2007,210.4910941,716.2095297,20.9593276,64.33274186,640.1586628,0.308367337
Eurasia,2008,222.8082477,725.0387115,20.19071625,64.66969176,636.7729694,0.438638545
Eurasia,2009,204.6965974,632.8519374,20.81324162,63.40097449,656.1619336,0.559558513
Eurasia,2010,230.2747125,693.2314336,20.93413586,64.00462232,678.165512,0.610258584
Eurasia,2011,236.9740277,734.8230554,20.60885641,64.94935512,684.3668585,0.652423409
Eurasia,2012,258.4735971,733.8542778,20.6316423,66.00053154,690.1113496,0.763873134
Eurasia,2013,257.2178445,758.1162934,21.62262525,62.93744496,698.9022043,0.75881345
Eurasia,2014,247.5062439,742.7404183,21.19449825,66.03507126,705.1763323,0.891925726
North America,1900,161.2322408,6.349133778,0.235253654,-,8.604,-
North America,1901,175.5373694,7.035947178,0.260533104,-,9.355,-
North America,1902,183.5964281,7.722760578,0.294067068,-,11.911,-
North America,1903,213.8942134,8.409573978,0.337661221,-,13.47,-
North America,1904,210.8859757,9.096387378,0.385296647,-,15.704,-
North America,1905,235.0036136,9.783200778,0.434565778,-,18.083,-
North America,1906,248.214966,10.47001418,0.482631126,-,17.014,-
North America,1907,287.3302761,11.15682758,0.533104041,-,22.405,-
North America,1908,250.0047421,11.84364098,0.599656062,-,24.434,-
North America,1909,276.1003294,12.53045438,0.674806535,-,24.879,-
North America,1910,301.4413976,13.55021578,0.741702494,-,28.503,-
North America,1911,297.410505,14.27045034,0.813241617,-,31.306,-
North America,1912,321.4477406,14.9906849,0.882717111,-,31.965,-
North America,1913,342.2755641,15.71091947,0.96483233,-,36.613,-
North America,1914,308.5768599,16.43115403,1.051504729,-,38.289,-
North America,1915,318.6747564,17.15138859,1.138349097,-,41.897,-
North America,1916,353.4752403,17.87162316,1.236543422,-,45.542,-
North America,1917,389.0160918,18.59185772,1.32338779,-,52.991,-
North America,1918,406.718346,19.31209228,1.373516767,-,57.004,-
North America,1919,333.4157078,20.03232684,0.46027515,-,65.095,-
North America,1920,396.4801033,20.75256141,2.239122958,-,86.558,-
North America,1921,306.5490701,21.47279597,2.079105761,-,93.723,-
North America,1922,289.1967974,22.19303053,2.393121238,-,103.753,-
North America,1923,396.5278811,25.9660491,2.696216681,-,123.1,-
North America,1924,344.0430613,29.73906766,2.863026655,-,119.414,-
North America,1925,349.8962688,33.51208622,3.100085985,-,122.296,-
North America,1926,396.1712948,37.28510479,3.63422184,-,120.279,-
North America,1927,361.7583648,41.05812335,4.064488392,-,133.275,-
North America,1928,349.156002,44.83114191,4.59183147,-,130.856,-
North America,1929,368.2613837,46.84459899,4.698366294,-,144.649,-
North America,1930,324.582691,48.85805607,4.524763543,-,128.975,-
North America,1931,266.141477,50.87151316,4.245915735,-,121.614,-
North America,1932,217.8641745,52.88497024,4.556405847,-,112.478,-
North America,1933,231.7323215,54.89842732,4.747635426,-,127.553,-
North America,1934,252.4642253,56.9118844,5.008684437,-,128.58,-
North America,1935,257.6324468,58.92534148,5.744711952,-,140.668,-
North America,1936,298.9144463,60.93879856,5.976354256,-,154.677,-
North America,1937,301.4484158,63.87605404,6.648237317,-,179.885,-
North America,1938,240.4340211,69.21312329,6.5144454,-,170.49,-
North America,1939,271.3474495,74.55019254,6.63955288,-,178.101,-
North America,1940,310.9980136,79.88726179,7.122527945,-,190.302,-
North America,1941,345.4910022,85.22433104,7.732072227,-,196.986,-
North America,1942,388.2201176,90.56140029,9.252622528,-,193.732,-
North America,1943,392.3253016,95.89846954,10.35752365,-,209.734,-
North America,1944,410.5245533,101.2355388,10.36543422,-,233.522,-
North America,1945,380.6841693,106.572608,10.65159071,-,238.904,-
North America,1946,360.7935377,111.9096773,10.83086844,-,242.335,-
North America,1947,414.2807925,123.5782277,10.95588994,-,259.987,-
North America,1948,397.9027185,138.7236866,11.21160791,-,282.976,-
North America,1949,295.7416501,145.9925759,12.00662081,-,259.552,-
North America,1950,342.5388817,168.6002867,12.85098882,-,280.769,-
North America,1951,351.8952315,200.320904,13.73748925,-,320.998,-
North America,1952,310.8160017,215.3830009,14.58030954,-,328.663,-
North America,1953,298.5424393,225.8672702,14.74729149,-,339.576,-
North America,1954,258.2591029,235.5598908,15.23473775,-,337.499,-
North America,1955,299.3556318,254.2909824,16.26629407,-,365.689,-
North America,1956,322.0604629,272.6292567,18.17695615,-,389.542,-
North America,1957,313.9028039,290.4357416,18.95537403,0.002605592,390.483,-
North America,1958,262.3963094,304.4538087,20.51367154,0.042992261,366.329,-
North America,1959,262.4109758,334.4450772,20.92742906,0.048985122,386.298,-
North America,1960,263.7258362,356.7597668,22.43955288,0.134969645,387.373,0.002837489
North America,1961,255.5538818,371.7541408,22.75657782,0.440866099,398.998,0.008082545
North America,1962,266.4767284,396.5486324,24.21702494,0.597201595,410.204,0.008598452
North America,1963,288.5351035,424.9587988,23.95726569,0.859584669,422.762,0.0144454
North America,1964,305.014387,453.4593112,25.84522786,0.907788113,429.753,0.017540843
North America,1965,318.4971251,471.7998174,27.76534824,0.984131947,441.354,0.016251075
North America,1966,330.4828016,499.8546538,29.0533104,1.480497147,469.272,0.01616509
North America,1967,341.5027735,529.4639296,31.70352537,2.031840329,500.524,0.027171109
North America,1968,337.0363143,566.9114883,32.11427343,3.487844915,520.861,0.037489252
North America,1969,345.1271408,612.8363005,35.77996561,3.757784205,531.784,0.052880482
North America,1970,374.7822673,655.0274329,36.32098022,5.931889836,558.797,0.045227859
North America,1971,342.4096004,676.3406306,38.27016337,10.91404153,554.313,0.047205503
North America,1972,368.3106361,689.6591445,40.53800516,15.83418015,564.543,0.125021496
North America,1973,368.4230876,699.6465992,41.6516767,25.42796842,565.473,0.182115219
North America,1974,375.9644886,670.7780868,45.70902837,32.97636728,544.916,0.251676698
North America,1975,405.1717131,633.1175698,44.77119518,48.03772897,520.066,0.321324162
North America,1976,424.0973916,631.0860764,44.44230439,54.07592694,507.118,0.358211522
North America,1977,434.7315056,637.5360976,39.83473775,71.84475885,519.658,0.357437661
North America,1978,414.7146346,627.9715313,45.9361135,79.68316006,556.266,0.307480653
North America,1979,487.8183195,661.0814401,46.67153912,75.15307851,569.572,0.46483233
North America,1980,447.517152,596.314028,47.02614703,74.77943667,747.9575438,0.654104901
North America,1981,444.2694458,590.2072656,47.4070215,80.89658407,758.1576528,0.912795195
North America,1982,452.1272552,559.5430067,50.75193551,83.10299904,781.9643514,1.159637195
North America,1983,421.9466178,511.20563,53.23936887,88.56327679,782.3863026,1.635809732
North America,1984,485.745508,552.1667636,54.25979106,98.20188124,809.4222029,2.028970744
North America,1985,478.9759544,532.385114,52.54321066,114.8508299,814.5583501,2.380026138
North America,1986,481.5197925,513.403498,53.43725021,125.3995675,789.3330723,2.794735657
North America,1987,498.6842307,534.9900252,50.23981857,137.6164048,786.0499566,3.18150251
North America,1988,517.028539,559.1264871,47.33764402,157.6771151,781.6460147,3.218142352
North America,1989,531.4919044,567.8961972,50.21641788,157.5616144,751.5186586,7.214487064
North America,1990,555.9961308,585.4612357,52.4477945,169.0751922,745.6836373,8.059694433
North America,1991,537.7481456,588.4296506,52.95814187,181.6821934,764.1032559,8.919327458
North America,1992,534.7214535,603.4798237,50.91951849,182.1439485,761.8274033,9.614346484
North America,1993,505.4990408,620.714635,53.89604557,183.7091951,760.0184167,10.19031094
North America,1994,550.8211532,652.2099737,52.14296905,194.6139373,755.9659119,10.54524236
North America,1995,550.7327551,651.8292105,57.66549871,201.7705308,756.7786361,10.53173726
North America,1996,566.70111,664.8443894,62.8014669,200.7195471,772.5317918,9.833109325
North America,1997,582.8843897,668.5305782,62.7524497,186.6745017,786.2477663,10.61306499
North America,1998,597.3073098,682.4239894,58.15001376,195.4811485,784.7514321,10.89963936
North America,1999,578.0983859,683.2454323,59.681,210.4203132,759.4362878,11.38102531
North America,2000,563.7185128,696.6152847,57.03341359,216.4886891,774.1551506,11.95733991
North America,2001,577.7276779,713.1689078,49.4552055,221.4685922,777.8251511,12.09165958
North America,2002,556.9241779,695.2141416,54.69284867,224.3607416,788.069564,13.70018409
North America,2003,539.1053913,699.1809795,54.13227257,220.1346309,795.2516386,15.16795527
North America,2004,558.183671,680.3115455,54.23889166,230.1077126,796.395108,16.67970538
North America,2005,565.4299453,672.3202819,56.40621324,229.0667735,770.81324,18.28031751
North America,2006,579.7933088,694.3932958,57.49436113,231.9118893,776.672041,21.36522269
North America,2007,575.4292573,708.2122482,54.89440843,235.6926965,781.6157039,26.26681016
North America,2008,582.3558216,721.307577,57.37687016,235.5105657,765.0469132,33.79088427
North America,2009,528.3104373,722.4327235,57.1672399,232.9638604,783.4024104,38.57459046
North America,2010,541.7121127,737.2326846,55.44196045,233.9980198,816.9875346,45.17034808
North America,2011,546.9567591,773.0058736,62.52682717,231.3335418,845.8566012,51.39746
North America,2012,512.291429,796.2709269,58.85485813,225.8534615,908.2079026,52.09190688
North America,2013,499.6616264,804.728895,58.83989682,233.816767,979.9698911,56.48995397
North America,2014,505.4393329,848.8257385,57.87300448,236.4053475,1073.092113,61.20916168
World,1900,460.0076012,6.349133778,0.245915735,0,20.202,0
World,1901,468.3228956,7.035947178,0.27566638,0,22.6,0
World,1902,479.6581325,7.722760578,0.312983663,0,24.539,0
World,1903,523.4101838,8.409573978,0.363456578,0,26.229,0
World,1904,526.0740986,9.096387378,0.41539123,0,29.453,0
World,1905,567.1540907,9.783200778,0.474376612,0,28.968,0
World,1906,598.9231182,10.47001418,0.537575236,0,28.852,0
World,1907,662.511752,11.15682758,0.612639725,0,35.675,0
World,1908,629.6278125,11.84364098,0.698452279,0,38.567,0
World,1909,657.9141083,12.53045438,0.790455718,0,40.526,0
World,1910,693.2169171,13.55021578,0.878847807,0,44.079,0
World,1911,705.5642426,14.27045034,0.972742906,0,46.69,0
World,1912,740.407654,14.9906849,1.033190026,0,47.442,0
World,1913,793.3368153,15.71091947,1.175924334,0,52.307,0
World,1914,712.0363275,16.43115403,1.398882201,0,53.877,0
World,1915,700.7803219,17.15138859,1.544368014,0,57.83,0
World,1916,751.6926585,17.87162316,1.720464316,0,62.037,0.001031814
World,1917,782.8169766,18.59185772,1.853912296,0,68.576,0.00171969
World,1918,768.8283694,19.31209228,2.096216681,0,68.084,0.001805675
World,1919,652.0771831,20.03232684,1.184006879,0,77.539,0.001203783
World,1920,747.3539703,20.75256141,3.045743766,0,99.345,0.000601892
World,1921,624.076767,21.47279597,2.905588994,0,107.553,0.001633706
World,1922,658.6942243,22.92228174,3.276870163,0,120.054,0.00171969
World,1923,767.2349339,26.85696096,4.007050731,0,141.989,0.002149613
World,1924,747.1086746,30.79164019,4.414531384,0,141.588,0.002321582
World,1925,749.0054023,34.72631941,5.099398108,0,148.453,0.00266552
World,1926,745.6412334,38.66099863,6.078675838,0,152.364,0.00361135
World,1927,803.4989792,42.59567785,6.776698194,0,173.957,0.004385211
World,1928,789.2454945,46.53035707,7.63783319,0,182.682,0.005073087
World,1929,839.3450188,49.40722605,9.119174549,0,204.792,0.005159071
World,1930,766.9820302,51.79703409,8.368787618,0,195.291,0.004901118
World,1931,676.4121445,54.25829392,8.956405847,0,188.952,0.00455718
World,1932,601.4128586,56.71955376,9.310920034,0,180.342,0.004299226
World,1933,629.6362814,59.18081359,9.963972485,0,196.928,0.006534824
World,1934,687.0508068,61.64207343,10.48632846,0,207.815,0.00627687
World,1935,716.6462163,64.10333326,12.31410146,0,225.938,0.007050731
World,1936,787.2368798,66.5645931,13.09372313,0,246.062,0.007996561
World,1937,827.0691849,71.41199357,15.02983663,0,280.064,0.002149613
World,1938,771.6580323,75.83390484,15.01410146,0,273.399,0.017454858
World,1939,815.1168893,81.28160919,15.69638865,0,284.848,0.041960447
World,1940,899.0139841,86.72931353,16.27841788,0,294.023,0.046087704
World,1941,931.9009746,92.17701788,17.25262253,0,302.874,0.055803955
World,1942,947.8739491,97.62472222,17.77076526,0,285.091,0.076784179
World,1943,974.1533228,103.0724266,20.2027515,0,306.801,0.078159931
World,1944,935.3774182,108.5201309,19.34428203,0,352.376,0.023989682
World,1945,750.5144455,113.9678353,19.04600172,0,351.964,0.007910576
World,1946,808.0970923,120.0675975,21.26626827,0,374.392,0.020550301
World,1947,907.9642005,132.8355883,22.27540843,0,412.428,0.057781599
World,1948,938.1582028,150.178307,24.55339639,0,466.799,0.075408426
World,1949,891.9734163,160.4737033,25.37764402,0,464.122,0.090799656
World,1950,974.4261034,183.7513746,27.58521066,0,520.686,0.10988822
World,1951,1026.578653,218.0028711,31.21797077,0,590.476,0.136285469
World,1952,1020.679389,234.8203163,33.30163371,0,620.662,0.158125537
World,1953,1025.209402,248.3351001,34.54978504,0,656.278,0.161650903
World,1954,1011.989512,260.484361,36.65932932,0,687.076,0.161736887
World,1955,1099.55994,283.3541319,39.67325881,0,770.033,0.159845228
World,1956,1162.008393,307.3665485,43.67841788,0.015112431,837.993,0.152966466
World,1957,1194.648132,334.3896621,47.48426483,0.109174288,883.127,0.155803955
World,1958,1232.404042,360.0482501,52.15047291,0.123505042,905.243,0.165950129
World,1959,1277.298634,402.026796,53.70920034,0.372599599,976.858,0.17927773
World,1960,1330.690147,437.4640793,58.54660361,0.710544829,1052.523,0.19828031
World,1961,1253.629087,469.860441,61.82347377,1.135516819,1120.326,0.238177128
World,1962,1283.862259,513.7354554,65.08968186,1.688683916,1215.277,0.252536543
World,1963,1322.981833,561.9413518,68.44746346,2.906016311,1303.873,0.288564058
World,1964,1381.657991,613.8004129,71.04591574,4.04153313,1408.146,0.321152193
World,1965,1409.091717,657.6767195,78.35313844,6.433987337,1510.753,0.340412726
World,1966,1428.686297,707.6916266,83.96233878,9.167252925,1639.315,0.350472915
World,1967,1378.047705,761.4776119,85.6544282,11.05552516,1760.558,0.371883061
World,1968,1416.667827,832.9659281,89.69509888,13.74371401,1922.575,0.37661221
World,1969,1445.317287,914.733166,94.9927773,16.21173037,2069.273,0.413671539
World,1970,1502.941145,1012.510656,99.5505589,20.51981552,2275.601,0.408340499
World,1971,1489.319553,1082.541663,104.4265692,28.25842257,2414.085,0.399484093
World,1972,1484.05261,1146.931201,109.1929493,38.59454389,2548.058,0.471195185
World,1973,1510.515231,1211.249989,110.9171109,51.65637458,2780.383,0.521582115
World,1974,1523.725909,1238.283334,121.7337059,66.5439433,2790.03,0.594239037
World,1975,1614.381737,1242.363933,123.0538263,91.65324787,2648.836,0.682459157
World,1976,1660.359524,1295.500434,123.5982803,106.8649522,2873.32,0.741874463
World,1977,1710.726056,1418.138825,126.5604471,131.5938404,2976.959,0.764144454
World,1978,1737.273731,1374.701465,137.1904557,154.2036009,3009.899,0.723559759
World,1979,1839.111705,1482.326256,143.4492993,160.3004247,3125.15,0.941788478
World,1980,1627.401768,1379.900221,148.1410224,163.8374215,3243.79132,4.556580296
World,1981,1638.23262,1400.382252,150.1945537,185.9859272,3072.189727,5.085212003
World,1982,1696.567147,1398.467271,153.9294936,206.5247245,2945.242316,7.097195446
World,1983,1699.66921,1414.078972,160.9603491,235.6407775,2936.610544,8.762177435
World,1984,1796.001703,1556.27986,166.2848985,284.6704239,3019.524611,11.12674772
World,1985,1857.927089,1615.925014,167.841577,335.3124652,2998.902752,11.83738853
World,1986,1903.623757,1646.267952,171.2566827,361.4413612,3119.43928,11.81245092
World,1987,1945.714918,1725.156916,171.6370671,394.1771359,3148.106435,12.9948925
World,1988,1992.765753,1810.733707,178.2060017,426.9789077,3264.445209,13.38733108
World,1989,2021.469655,1871.753405,177.1206311,440.8388728,3321.43882,17.75054332
World,1990,2054.266381,1916.341054,184.3935675,459.5385732,3367.920268,19.0360439
World,1991,1954.669796,1940.444932,187.7151548,520.112585,3363.037629,20.68467156
World,1992,1937.703149,1945.798881,188.1514291,525.1838401,3373.837929,21.44425191
World,1993,1885.640292,1980.540723,198.9301298,542.3870554,3401.657818,22.00879096
World,1994,1924.341122,1999.584033,200.905736,553.7299148,3475.942503,23.55727834
World,1995,1972.992826,2026.680294,210.9404196,575.847341,3561.113223,24.51559223
World,1996,2004.183762,2086.822379,214.074902,597.0797311,3646.755556,25.00450703
World,1997,2115.719114,2087.264581,218.9037558,591.8098986,3760.167679,27.55495015
World,1998,2126.314081,2127.39785,219.3310791,603.4573855,3833.964347,28.11851479
World,1999,2106.149995,2177.632665,222.8717799,623.5524949,3788.794307,29.05483398
World,2000,2137.077886,2258.971693,225.4996595,638.3411475,3928.918005,30.81754192
World,2001,2237.042131,2306.862282,220.7850911,655.7977774,3924.28416,33.05000223
World,2002,2302.49435,2349.957252,223.6842743,663.2854139,3891.85334,37.53257055
World,2003,2441.226867,2427.303717,224.4568891,656.0222257,4013.587107,42.48570283
World,2004,2581.268395,2491.21099,239.206865,682.3756377,4188.684858,47.31911458
World,2005,2853.826445,2563.236286,249.8231101,684.033448,4262.955268,53.84801071
World,2006,3005.937544,2657.339958,258.9110206,693.0956825,4260.618779,63.82614491
World,2007,3130.947094,2708.671629,262.4337498,679.6184554,4247.695224,77.33584622
World,2008,3230.156171,2802.667529,273.4363749,676.8559942,4304.170756,95.03115985
World,2009,3292.275377,2739.815671,278.0692322,667.1108367,4261.235118,107.7130554
World,2010,3487.534525,2935.61431,294.2440843,685.1950285,4443.001619,125.0489806
World,2011,3680.098388,3034.477006,299.9924334,656.0214987,4466.510258,141.4395805
World,2012,3596.128609,3114.519434,313.4969046,610.96132,4579.089626,154.1113304
World,2013,3624.250553,3159.659032,318.2455047,613.9502488,4594.707237,173.5285971
World,2014,3609.02218,3227.78344,316.8251119,629.8627987,4700.998538,190.3208415
